Modelo,Accuracy,F1,AUC
"RNA MLP [32,16]",0.9423076923076923,0.9516129032258065,0.9953125
Gradient Boosted Trees,0.9903846153846154,0.9921259842519685,1.0
